DROP TABLE IF EXISTS zahtjev;
CREATE TABLE zahtjev (
  id bigserial primary key,
  korisnicko_ime varchar,
  br_putnog_naloga varchar,
  poc_putovanja timestamp,
  kraj_putovanja timestamp,
  mjesto varchar,
  sif_drzava varchar,
  razlog varchar,
  prijevozno_sredstvo varchar,
  mjesto_troska varchar,
  akontacija double precision,
  status varchar,
  razlog_vracanja varchar
);

DROP TABLE IF EXISTS korisnik;
CREATE TABLE korisnik (
  email varchar,
  korisnicko_ime varchar,
  zaporka varchar,
  oib varchar
);

DROP TABLE IF EXISTS zaposlenik;
CREATE TABLE zaposlenik (
  oib varchar,
  ime varchar,
  prezime varchar,
  uloga varchar,
  tim_id int
);

DROP TABLE IF EXISTS firma;
CREATE TABLE firma (
    oib varchar,
    ime varchar,
    adresa varchar,
    email varchar
);

delete from zaposlenik;
delete from korisnik;
delete from zahtjev;

insert into zaposlenik(oib,ime,prezime,uloga,tim_id) values ('14036423227', 'Stanislav','Stanić', 'ZAPOSLENIK',1);
insert into zaposlenik(oib,ime,prezime,uloga,tim_id) values ('14009428221', 'Ivana','Horvat', 'VODITELJ',1);
insert into zaposlenik(oib,ime,prezime,uloga,tim_id) values ('45056428221', 'Hana','Anić', 'ZAMJENIK',1);
insert into zaposlenik(oib,ime,prezime,uloga,tim_id) values ('35054423321', 'Iris','Kovačić', 'ZAPOSLENIK',1);
insert into zaposlenik(oib,ime,prezime,uloga,tim_id) values ('16054893355', 'Andrej','Plavšić', 'ADMIN',1);
insert into zaposlenik(oib,ime,prezime,uloga,tim_id) values ('23434534211', 'Izidor','Rebić', 'ZAPOSLENIK',1);
insert into zaposlenik(oib,ime,prezime,uloga,tim_id) values ('23432124666', 'Jana','Grebenar','ZAPOSLENIK',1);
insert into zaposlenik(oib,ime,prezime,uloga,tim_id) values ('69312456441', 'Matej','Benić','ZAMJENIK',1);
insert into zaposlenik(oib,ime,prezime,uloga,tim_id) values ('42033456441', 'Mihael','Špalj','RACUNOVODA',1);

insert into korisnik(korisnicko_ime,email,oib,zaporka) values ('sstanic','stanislav.stanic@profusluge.hr','14036423227','bfd1d58eacc9bc27deca013d08ef9239');
insert into korisnik(korisnicko_ime,email,oib,zaporka) values ('ihorvat','ivana.horvat@profusluge.hr','14009428221','10df7341ea21e69a00582e48635740cc');
insert into korisnik(korisnicko_ime,email,oib,zaporka) values ('hanic','hana.anic@profusluge.hr','45056428221','8a50a3a5e8758b05c2b86cfc7ad58c82');
insert into korisnik(korisnicko_ime,email,oib,zaporka) values ('ikovacic','iris.kovacic@profusluge.hr','35054423321','50cc9dd824b340d21235bec992b357bc');
insert into korisnik(korisnicko_ime,email,oib,zaporka) values ('aplavsic','andrej.plavsic@profusluge.hr','16054893355','d262b3b17cac434afaefa854d0977d0c');
insert into korisnik(korisnicko_ime,email,oib,zaporka) values ('irebic','izidor.rebic@profusluge.hr','23434534211','3f09887995e247ee0b32dceeeb5094db');
insert into korisnik(korisnicko_ime,email,oib,zaporka) values ('jgrebenar','jana.grebenar@profusluge.hr','23432124666','2c28423c0c465c4fa346dc0ae7b8d6d0');
insert into korisnik(korisnicko_ime,email,oib,zaporka) values ('mbenic','matej.benic@profusluge.hr','69312456441','ddc3da02e755dd7df54efd4575732f55');
insert into korisnik(korisnicko_ime,email,oib,zaporka) values ('mspalj','mihael.spalj@profusluge.hr','42033456441','d89052387eed7d8267f3f3a9fae8d85a');

insert into zahtjev(br_putnog_naloga,korisnicko_ime,poc_putovanja,kraj_putovanja,mjesto,sif_drzava,razlog,prijevozno_sredstvo,akontacija,mjesto_troska,status)
values ('2022-001','sstanic','2022-12-13 12:23:23','2022-12-14 12:23:23','Pariz','Francuska','Poslovni sastanak s francuskom firmom','avion',13,'HR82837438029384','PODNESEN');
insert into zahtjev(br_putnog_naloga,korisnicko_ime,poc_putovanja,kraj_putovanja,mjesto,sif_drzava,razlog,prijevozno_sredstvo,akontacija,mjesto_troska,status)
values ('2022-002','hanic','2023-07-20','2023-07-23','Sarajevo','Bosna i hercegovina','Team building','automobil',0,'HR82837438029384','ODOBREN');
insert into zahtjev(br_putnog_naloga,korisnicko_ime,poc_putovanja,kraj_putovanja,mjesto,sif_drzava,razlog,prijevozno_sredstvo,akontacija,mjesto_troska,status)
values ('2022-003','sstanic','2022-12-16','2022-12-20','Novi Sad','Srbija','Božićni domjenak','vlak',0,'HR82837438029384','ODOBREN');
insert into zahtjev(br_putnog_naloga,korisnicko_ime,poc_putovanja,kraj_putovanja,mjesto,sif_drzava,razlog,prijevozno_sredstvo,akontacija,mjesto_troska,status)
values ('2022-004','ikovacic','2023-03-17','2023-03-20','Split','Hrvatska','Edukacija u splitskoj podružnici','avion',0,'HR82837438029384','PODNESEN'),
       ('2022-005', 'ihorvat', '2022-12-16','2022-12-20', 'Rim', 'Italija', 'Sastanak s talijanima', 'avion', 0, 'HR123456789', 'PODNESEN'),
       ('2022-006', 'ihorvat', '2022-12-10','2022-12-15', 'Verona', 'Italija', '2. sastanak s talijanima', 'avion', 0, 'HR123456789', 'ODOBREN'),
       ('2022-007', 'ihorvat', '2022-12-16','2022-12-20', 'Rim', 'Italija', '3. sastanak s talijanima', 'avion', 0, 'HR123456789', 'POSLAN_NA_OBRACUN'),
        ('2022-008', 'ihorvat', '2022-10-16','2022-10-20', 'Pisa', 'Italija', '4. sastanak s talijanima', 'avion', 0, 'HR123456789', 'POSLAN_NA_OBRACUN'),
       ('2022-010', 'ihorvat', '2022-12-01','2022-12-02', 'Rim', 'Italija', '6. sastanak s talijanima', 'avion', 0, 'HR123456789', 'POSLAN_NA_OBRACUN');
insert into zahtjev(br_putnog_naloga,korisnicko_ime,poc_putovanja,kraj_putovanja,mjesto,sif_drzava,razlog,prijevozno_sredstvo,akontacija,mjesto_troska,status, razlog_vracanja)
values ('2022-009', 'ihorvat', '2022-11-16','2022-11-20', 'Firenca', 'Italija', '5. sastanak s talijanima', 'avion', 0, 'HR123456789', 'VRACEN_NA_DORADU', 'Krivo unesen račun');


insert into firma(oib, ime, adresa, email) values ('12345678999', 'AlfaBeta d.o.o.', 'Unska 18', 'alfabeta@gmail.com');

insert into promjena_lozinke(username) values ('sstanic'), ('hanic');

insert into sluzbeni_auto(registracija, model) values ('ZG1234HR', 'Suzuki'), ('ST5678HR', 'Mercedes'),('RI9876KR', 'Ford'), ('DE6543RE', 'Audi');


insert into drzava(sifra_drzave, ime_drzave, dnevnica) values
                                                           ('004','AFGANISTAN','35.00USD'),
                                                           ('008','ALBANIJA','30.00EUR'),
                                                           ('010','ANTARKTIKA','35.00USD'),
                                                           ('012','ALŽIR','40.00USD'),
                                                           ('016','AMERIČKA SAMOA','35.00USD'),
                                                           ('020','ANDORA','70.00USD'),
                                                           ('024','ANGOLA','35.00USD'),
                                                           ('028','ANTIGVA I BARBUDA','35.00USD'),
                                                           ('031','AZERBAJDŽAN','50.00USD'),
                                                           ('032','ARGENTINA','50.00USD'),
                                                           ('036','AUSTRALIJA','85.00USD'),
                                                           ('040','AUSTRIJA','70.00EUR'),
                                                           ('044','BAHAMI','35.00USD'),
                                                           ('048','BAHREIN','35.00USD'),
                                                           ('050','BANGLADEŠ','35.00USD'),
                                                           ('051','ARMENIJA','50.00USD'),
                                                           ('052','BARBADOS','35.00USD'),
                                                           ('056','BELGIJA','70.00EUR'),
                                                           ('060','BERMUDI','35.00USD'),
                                                           ('064','BUTAN','35.00USD'),
                                                           ('068','BOLIVIJA','40.00USD'),
                                                           ('070','BOSNA I HERCEGOVINA','30.00USD'),
                                                           ('072','BOCVANA','35.00USD'),
                                                           ('074','OTOK BOUVET','35.00USD'),
                                                           ('076','BRAZIL','40.00USD'),
                                                           ('084','BELIZE','35.00USD'),
                                                           ('086','BRITANSKI INDIJSKOOCEANSKI TERITORIJ','35.00USD'),
                                                           ('090','SOLOMONSKI OTOCI','35.00USD'),
                                                           ('092','BRITANSKI DJEVIČANSKI OTOCI','35.00USD'),
                                                           ('095','KOSOVO','35.00USD'),
                                                           ('096','BRUNEJ','35.00USD'),
                                                           ('100','BUGARSKA','40.00EUR'),
                                                           ('104','MIJANMAR','35.00USD'),
                                                           ('108','BURUNDI','35.00USD'),
                                                           ('112','BJELORUSIJA','35.00USD'),
                                                           ('116','KAMBOD A','35.00USD'),
                                                           ('120','KAMERUN','35.00USD'),
                                                           ('124','KANADA','85.00USD'),
                                                           ('132','ZELENORTSKA REPUBLIKA','35.00USD'),
                                                           ('136','KAJMANSKI OTOCI','35.00USD'),
                                                           ('140','SREDNJOAFRIČKA REPUBLIKA SUDAN','35.00USD'),
                                                           ('144','ŠRI LANKA','35.00USD'),
                                                           ('148','ČAD','35.00USD'),
                                                           ('152','ČILE','35.00USD'),
                                                           ('156','KINA','35.00USD'),
                                                           ('158','TAJVAN','35.00USD'),
                                                           ('162','BOČIČNI OTOK','35.00USD'),
                                                           ('166','KOKOSOVI OTOCI (KEELING)','35.00USD'),
                                                           ('170','KOLUMBIJA','40.00USD'),
                                                           ('174','KOMORI','35.00USD'),
                                                           ('175','MAYOTTE','35.00USD'),
                                                           ('178','KONGO','35.00USD'),
                                                           ('180','KONG','35.00USD'),
                                                           ('184','KUKOVI OTOCI','35.00USD'),
                                                           ('188','KOSTARIKA','35.00USD'),
                                                           ('191','HRVATSKA','35.00EUR'),
                                                           ('192','KUBA','35.00USD'),
                                                           ('196','CIPAR','60.00EUR'),
                                                           ('200','ČEHOSLOVAČKA','35.00USD'),
                                                           ('203','ČEŠKA','35.00USD'),
                                                           ('204','BENIN','35.00USD'),
                                                           ('208','DANSKA','70.00EUR'),
                                                           ('212','DOMINIKA','35.00USD'),
                                                           ('214','DOMINIKANSKA REPUBLIKA','35.00USD'),
                                                           ('218','EKVADOR','35.00USD'),
                                                           ('222','SALVADOR','35.00USD'),
                                                           ('226','EKVATORSKA GVINEJA','35.00USD'),
                                                           ('231','ETIOPIJA','35.00USD'),
                                                           ('232','ERITREJA','35.00USD'),
                                                           ('233','ESTONIJA','40.00EUR'),
                                                           ('234','FEROJSKI (OVČJI) OTOCI','35.00USD'),
                                                           ('238','FALKLANDI (MALVINI)','35.00USD'),
                                                           ('239','JUŽNA DŽORDŽIJA I OTOCI JUŽNI SENDVIČ','35.00USD'),
                                                           ('242','FIDŽI','35.00USD'),
                                                           ('246','FINSKA','70.00EUR'),
                                                           ('248','OTOCI ALAND','35.00USD'),
                                                           ('250','FRANCUSKA','70.00EUR'),
                                                           ('254','FRANCUSKA GVAJANA','35.00USD'),
                                                           ('258','FRANCUSKA POLINEZIJA','35.00USD'),
                                                           ('260','FRANCUSKI JUŽNI TERITORIJI','35.00USD'),
                                                           ('262','DŽIBUTI','35.00USD'),
                                                           ('266','GABON','35.00USD'),
                                                           ('268','GRUZIJA','50.00EUR'),
                                                           ('270','GAMBIJA','35.00USD'),
                                                           ('275','PALESTINSKO PODRUČJE','35.00USD'),
                                                           ('276','NJEMAČKA','70.00USD'),
                                                           ('288','GANA','35.00USD'),
                                                           ('292','GIBRALTAR','35.00USD'),
                                                           ('296','KIRIBATI','35.00USD'),
                                                           ('300','GRČKA','60.00USD'),
                                                           ('304','GRENLAND','35.00USD'),
                                                           ('308','GRENADA','35.00USD'),
                                                           ('312','GUADELOUPE','35.00USD'),
                                                           ('316','GUAM','35.00USD'),
                                                           ('320','GVATEMALA','35.00USD'),
                                                           ('324','GVINEJA','35.00USD'),
                                                           ('328','GVAJANA','35.00USD'),
                                                           ('332','HAITI','35.00USD'),
                                                           ('334','OTOK HEARD I OTOCI MCDONALD','35.00USD'),
                                                           ('336','SVETA STOLICA (DRŽAVA VATIKANSKOG GRADA)','35.00USD'),
                                                           ('340','HONDURAS','35.00USD'),
                                                           ('344','HONG KONG','35.00USD'),
                                                           ('348','MAĐARSKA','50.00USD'),
                                                           ('352','ISLAND','80.00EUR'),
                                                           ('356','INDIJA','40.00USD'),
                                                           ('360','INDONEZIJA','40.00USD'),
                                                           ('364','IRAN','60.00USD'),
                                                           ('368','IRAK','60.00USD'),
                                                           ('372','IRSKA','70.00EUR'),
                                                           ('376','IZRAEL','70.00USD'),
                                                           ('380','ITALIJA','70.00EUR'),
                                                           ('384','BJELOKOSNA OBALA','35.00USD'),
                                                           ('388','JAMAJKA','35.00USD'),
                                                           ('392','JAPAN','85.00USD'),
                                                           ('398','KAZAHSTAN','50.00USD'),
                                                           ('400','JORDAN','35.00USD'),
                                                           ('404','KENIJA','35.00USD'),
                                                           ('408','DNR SJEVERNA KOREJA','40.00USD'),
                                                           ('410','REPUBLIKA JUŽNA KOREJA','70.00USD'),
                                                           ('414','KUVAJT','70.00USD'),
                                                           ('417','KIRGISTAN','35.00USD'),
                                                           ('418','LAO','35.00USD'),
                                                           ('422','LIBANON','35.00USD'),
                                                           ('426','LESOTO','35.00USD'),
                                                           ('428','LETONIJA','35.00USD'),
                                                           ('430','LIBERIJA','40.00USD'),
                                                           ('434','LIBIJA','40.00USD'),
                                                           ('438','LIHTEN TAJN','35.00USD'),
                                                           ('440','LITVA','40.00EUR'),
                                                           ('442','LUKSEMBURG','80.00EUR'),
                                                           ('446','MAKAO','35.00USD'),
                                                           ('450','MADAGASKAR','35.00USD'),
                                                           ('454','MALAVI','35.00USD'),
                                                           ('458','MALEZIJA','40.00USD'),
                                                           ('462','MALDIVI','35.00USD'),
                                                           ('466','MALI','35.00USD'),
                                                           ('470','MALTA','60.00EUR'),
                                                           ('474','MARTINIQUE','35.00USD'),
                                                           ('478','MAURITANIJA','35.00USD'),
                                                           ('480','MAURICIJUS','35.00USD'),
                                                           ('484','MEKSIKO','35.00USD'),
                                                           ('492','MONAKO','70.00EUR'),
                                                           ('496','MONGOLIJA','35.00USD'),
                                                           ('498','MOLDAVIJ','35.00USD'),
                                                           ('499','CRNA GORA','35.00USD'),
                                                           ('500','MONTSERRAT','35.00USD'),
                                                           ('504','MAROKO','35.00USD'),
                                                           ('508','MOZAMBIK','35.00USD'),
                                                           ('512','OMAN','35.00USD'),
                                                           ('516','NAMIBIJA','35.00USD'),
                                                           ('520','NAURU','35.00USD'),
                                                           ('524','NEPAL','35.00USD'),
                                                           ('528','NIZOZEMSKA','70.00EUR'),
                                                           ('530','NIZOZEMSKI ANTILI','35.00USD'),
                                                           ('533','ARUBA','35.00USD'),
                                                           ('540','NOVA KALEDONIJA','35.00USD'),
                                                           ('548','VANUATU','35.00USD'),
                                                           ('554','NOVI ZELAND','35.00USD'),
                                                           ('558','NIKARAGVA','35.00USD'),
                                                           ('562','NIGER','35.00USD'),
                                                           ('566','NIGERIJA','35.00USD'),
                                                           ('570','NIUE','35.00USD'),
                                                           ('574','OTOK NORFOLK','35.00USD'),
                                                           ('578','NORVEŠKA','80.00USD'),
                                                           ('580','SJEVERNI MARIJANSKI OTOCI','35.00USD'),
                                                           ('581','UJEDINJENE DRŽAVE MANJIH PACIFIČKIH OTOKA','35.00USD'),
                                                           ('583','MIKRONEZIJA','35.00USD'),
                                                           ('584','MARŠALOVI OTOCI','35.00USD'),
                                                           ('585','PALAU','35.00USD'),
                                                           ('586','PAKISTAN','40.00USD'),
                                                           ('591','PANAMA','50.00USD'),
                                                           ('598','PAPUA NOVA GVINEJA','35.00USD'),
                                                           ('600','PARAGVAJ','35.00USD'),
                                                           ('604','PERU','35.00USD'),
                                                           ('608','FILIPINI','40.00USD'),
                                                           ('612','PITCAIRN','35.00USD'),
                                                           ('616','POLJSKA','40.00EUR'),
                                                           ('620','PORTUGAL','60.00EUR'),
                                                           ('624','GVINEJA BISAU','35.00USD'),
                                                           ('626','TIMOR LESTE','35.00USD'),
                                                           ('630','PORTORIKO','35.00USD'),
                                                           ('634','KATAR','35.00USD'),
                                                           ('638','REUNION','35.00USD'),
                                                           ('642','RUMUNJSKA','40.00EUR'),
                                                           ('643','RUSIJA','35.00USD'),
                                                           ('646','RUANDA','35.00USD'),
                                                           ('654','SVETA HELENA','35.00USD'),
                                                           ('659','SVETI KRISTOFOR I NEVIS','35.00USD'),
                                                           ('660','ANGUILLA','35.00USD'),
                                                           ('662','SVETA LUCIJA','35.00USD'),
                                                           ('666','SVETI PETAR I MIKELON','35.00USD'),
                                                           ('670','SVETI VINCENT I GRENADINI','35.00USD'),
                                                           ('674','SAN MARINO','35.00USD'),
                                                           ('678','SVETI TOMA I PRINSIPE','35.00USD'),
                                                           ('682','SAUDIJSKA ARABIJA','50.00USD'),
                                                           ('686','SENEGAL','35.00USD'),
                                                           ('688','SRBIJA','30.00EUR'),
                                                           ('690','SEJŠELI','35.00USD'),
                                                           ('694','SIJERA LEONE','35.00USD'),
                                                           ('702','SINGAPUR','85.00USD'),
                                                           ('703','SLOVAČKA','50.00USD'),
                                                           ('704','VIJETNAM','35.00USD'),
                                                           ('705','SLOVENIJA','50.00EUR'),
                                                           ('706','SOMALIJA','35.00USD'),
                                                           ('710','JUŽNOAFRIČKA REPUBLIKA','50.00USD'),
                                                           ('716','ZIMBABVE','35.00USD'),
                                                           ('724','ŠPANJOLSKA','60.00USD'),
                                                           ('732','ZAPADNA SAHARA','35.00USD'),
                                                           ('736','SUDAN','35.00USD'),
                                                           ('740','SURINAM','35.00USD'),
                                                           ('744','SVALBARD I JAN MAYEN','35.00USD'),
                                                           ('748','SVAZI','35.00USD'),
                                                           ('752','ŠVEDSKA','80.00USD'),
                                                           ('756','ŠVICARSKA','80.00USD'),
                                                           ('760','SIRIJA','50.00USD'),
                                                           ('762','TADŽIKISTAN','50.00USD'),
                                                           ('764','TAJLAND','35.00USD'),
                                                           ('768','TOGO','35.00USD'),
                                                           ('772','TOKELAU','35.00USD'),
                                                           ('776','TONGA','35.00USD'),
                                                           ('780','TRINIDAD I TOBAGO','35.00USD'),
                                                           ('784','UJEDINJENI ARAPSKI EMIRATI','50.00USD'),
                                                           ('788','TUNIS','35.00USD'),
                                                           ('792','TURSKA','50.00EUR'),
                                                           ('795','TURKMENISTAN','50.00USD'),
                                                           ('796','OTOCI TURKS I CAICOS','35.00USD'),
                                                           ('798','TUVALU','35.00USD'),
                                                           ('800','UGANDA','35.00USD'),
                                                           ('804','UKRAJINA','50.00USD'),
                                                           ('807','MAKEDONIJA','30.00EUR'),
                                                           ('810','SSSR','35.00USD'),
                                                           ('818','EGIPAT','40.00USD'),
                                                           ('826','VELIKA BRITANIJA','35.00USD'),
                                                           ('831','GUERNSEY','35.00USD'),
                                                           ('832','JERSEY','35.00USD'),
                                                           ('833','OTOK MAN','35.00USD'),
                                                           ('834','TANZANIJ','35.00USD'),
                                                           ('840','SAD','95.00USD'),
                                                           ('850','AMERIČKI DJEVIČANSKI OTOCI','35.00USD'),
                                                           ('854','BURKINA FASO','35.00USD'),
                                                           ('858','URUGVAJ','35.00USD'),
                                                           ('860','UZBEKISTAN','50.00USD'),
                                                           ('862','VENEZUELA','35.00USD'),
                                                           ('876','WALLIS I FUTUNA','35.00USD'),
                                                           ('882','SAMOA','35.00USD'),
                                                           ('887','JEMEN','35.00USD'),
                                                           ('891','SRBIJA I CRNA GORA','30.00USD'),
                                                           ('894','ZAMBIJA','35.00USD');